s2,,,,,,,,,,,,,,,,,,1,,,,,,,,,,,,
,,,,,,,,,,,,,,,,acc,,,,,,,,,,,,,,
,,,,s5,,,,,,,,,,,,,,,3,4,,,,,,,,,,
,,,,,,,,,,,,,,,,r1,,,,,,,,,,,,,,
,s6,,,,,,,,,,,,,,,,,,,,,,,,,,,,,
,,,,,s7,,,,,,,,,,,,,,,,,,,,,,,,,
,,s8,,,,,,,,,,,,,,,,,,,,,,,,,,,,
,,,,,,s9,,,,,,,,,,,,,,,,,,,,,,,,
s16,,,,,,,,,s17,,,,s18,,s19,,,,,,10,11,12,,,13,,14,,15
,,s20,,,,,,,,,,,,,,,,,,,,,,,,,,,,
,,,s21,,,,,,,,,,,,,,,,,,,,,,,,,,,
s16,,,r5,,,,,,s17,,,,s18,,s19,,,,,,22,11,12,,,13,,14,,15
,,,,,,,s23,,,,,,,,,,,,,,,,,,,,,,,
,,,,,,,s24,,,,,,,,,,,,,,,,,,,,,,,
r8,,,r8,,,,,,r8,,,,r8,,r8,,,,,,,,,,,,,,,
,,,,,,,s25,,,,,,,,,,,,,,,,,,,,,,,
,,,,,,,,,s28,,,,,,,,,,,,,,,26,27,,,,,
,,,,,,,,,,s29,,,,,,,,,,,,,,,,,,,,
,,,,,s30,,,,,,,,,,,,,,,,,,,,,,,,,
,,,,,,,,,s32,,s33,,,,,,,,,,,,,,,,31,,,
,r3,,,,,,,,,,,,,,,,,,,,,,,,,,,,,
,,s34,,,,,,,,,,,,,,,,,,,,,,,,,,,,
,,,r4,,,,,,,,,,,,,,,,,,,,,,,,,,,
,,s35,,,,,,,,,,,,,,,,,,,,,,,,,,,,
,,s36,,,,,,,,,,,,,,,,,,,,,,,,,,,,
,,s37,,,,,,,,,,,,,,,,,,,,,,,,,,,,
,,,,,,,r10,,,,,,,,,,,,,,,,,,,,,,,
,,,,,,,r11,s38,,,,,,,,,,,,,,,,,,,,,,
,,,,,,,r13,r13,,s39,,,,,,,,,,,,,,,,,,,,
,,,,,,,,,s41,,s42,,,,,,,,,,,,,,,,40,,,
,,,,,,,,,s43,,,,,,,,,,,,,,,,,,,,,
,,,,,,,r21,,,,,,,,,,,,,,,,,,,,,,,
,,,,,,,r17,,,,,,,,,,,,,,,,,,,,,,,
,,,,,,,r18,,,,,,,,,,,,,,,,,,,,,,,
,,,,,,,,,,,,,,,,r2,,,,,,,,,,,,,,
r6,,,r6,,,,,,r6,,,,r6,,r6,,,,,,,,,,,,,,,
r7,,,r7,,,,,,r7,,,,r7,,r7,,,,,,,,,,,,,,,
r9,,,r9,,,,,,r9,,,,r9,,r9,,,,,,,,,,,,,,,
,,,,,,,,,s28,,,,,,,,,,,,,,,44,27,,,,,
,,,,,,,,,,,s45,,,,,,,,,,,,,,,,,,,
,,,,,,,r15,,,,,s46,,,,,,,,,,,,,,,,,,
,,,,,,,r17,,,,,r17,,,,,,,,,,,,,,,,,,
,,,,,,,r18,,,,,r18,,,,,,,,,,,,,,,,,,
,,,,,,,,,,,,,,s47,,,,,,,,,,,,,,,,
,,,,,,,r12,,,,,,,,,,,,,,,,,,,,,,,
,,,,,,,r14,r14,,,,,,,,,,,,,,,,,,,,,,
,,,,,,,,,s32,,s33,,,,,,,,,,,,,,,,48,,,
,,,,,,,,,s50,,s51,,,,,,,,,,,,,,,,49,,,
,,,,,,,r16,,,,,,,,,,,,,,,,,,,,,,,
,,,,,,s52,,,,,,,,,,,,,,,,,,,,,,,,
,,,,,,r17,,,,,,,,,,,,,,,,,,,,,,,,
,,,,,,r18,,,,,,,,,,,,,,,,,,,,,,,,
,,s54,,,,,,,,,,,,,,,,,,,,,,,,,,,53,
r19,,,r19,,,,,,r19,,,,r19,,r19,,,,,,,,,,,,,,,
,s55,,,,,,,,,,,,,,,,,,,,,,,,,,,,,
,,s56,,,,,,,,,,,,,,,,,,,,,,,,,,,,
s16,,,,,,,,,s17,,,,s18,,s19,,,,,,57,11,12,,,13,,14,,15
,,,s58,,,,,,,,,,,,,,,,,,,,,,,,,,,
,,,,,,,,,,,,,s59,,,,,,,,,,,,,,,,,
,,s60,,,,,,,,,,,,,,,,,,,,,,,,,,,,
r20,,,r20,,,,,,r20,,,,r20,,r20,,,,,,,,,,,,,,,
